date,step,demand_units,capacity_units,processed_units,backlog_units,utilization,cycle_time_min,service_level_hourly,throughput_loss_units,labor_hours_used,headcount_used
2025-01-01,pack,7501.010348198277,4836.298334883069,4836.298334883069,1063.6415928622298,0.9999999949762909,49.99999949762909,201.5124306201279,25527.398228693513,53.73664756829358,68
2025-01-01,pick,7879.878013914953,4830.089027825023,4818.879843841603,1284.5215250476795,0.9981920383073845,62.27400478842306,200.78666016006682,30828.516601144307,43.80799818212368,56
2025-01-01,receive,8338.870875852048,5999.278912778831,5915.894332076657,945.717805756728,0.9874562245296676,36.55921683972508,246.4955971698607,22697.227338161472,42.256387784430494,52
2025-01-01,ship,7026.216798684612,5504.72976395812,5297.300721455927,746.0452586380037,0.9661855462503143,23.30927731251572,220.72086339399695,17905.086207312088,35.315337907603926,49
2025-01-02,pack,6240.256504459305,4413.911697829667,4413.911697829667,3398.5728696278006,0.9999999944123984,49.99999944123985,183.91298740956947,81565.74887106722,49.043462764291164,62
2025-01-02,pick,6555.47271710347,4962.70372626655,4962.70372626655,3758.4212687061313,0.9999999950096884,62.499999376211065,206.7793219277729,90202.11044894715,45.1154880104642,59
2025-01-02,receive,6871.151430021098,6112.59272398463,6112.59272398463,2586.8874062799123,0.9999999959782803,37.49999969837103,254.69136349935957,62085.297750717895,43.661376288023234,53
2025-01-02,ship,5734.607991488307,6061.826233836556,6061.826233836556,1357.119056034724,0.9999999959725384,24.99999979862692,252.57609307652316,32570.857344833377,40.41217462282921,49
2025-01-03,pack,6181.544584811083,4441.819900493663,4441.819900493663,5148.4811314592425,0.9999999943008703,49.99999943008703,185.07582918723597,123563.54715502182,49.35355390155678,62
2025-01-03,pick,6283.019726153,5053.611105832086,5053.611105832086,5059.541747227983,0.9999999951060392,62.49999938825491,210.56712940967023,121429.0019334716,45.941918726274245,57
2025-01-03,receive,6740.518152621454,5916.001523107101,5916.001523107101,3437.505430994042,0.9999999958526599,37.4999996889495,246.50006346279588,82500.130343857,42.25715343464249,53
2025-01-03,ship,5788.079891820875,5249.950387575977,5249.950387575977,1597.9739999337437,0.9999999952634822,24.999999763174117,218.74793281566573,38351.37599840985,34.99966901717539,47
2025-01-04,pack,3051.207791795843,4270.154880616974,4270.154880616974,5470.493030897458,0.9999999941863913,49.999999418639135,177.92312002570725,131291.832741539,47.44616481300899,59
2025-01-04,pick,3309.3512089267933,5182.924827196971,5182.924827196971,4798.219324239532,0.9999999952610512,62.499999407631414,215.9552011332071,115157.26378174878,47.117498000722485,55
2025-01-04,receive,3478.3168749998963,6046.9115981250125,6046.9115981250125,2516.3485876189925,0.9999999959219884,37.49999969414914,251.95464992187553,60392.36610285582,43.19222539237705,55
2025-01-04,ship,2914.75473261972,5462.194158234306,4854.5820717450515,557.9361050128427,0.8953802741260141,22.4970508301396,202.27425298937715,13390.466520308226,32.36388026254114,45
2025-01-05,pack,2993.9576579677837,4797.62268751942,4797.62268751942,3975.4299007830073,0.9999999949033214,49.99999949033214,199.90094531330917,95410.31761879218,53.306918157916684,66
2025-01-05,pick,3166.310617901741,5304.252035219229,5304.252035219229,2819.3863584639244,0.9999999953568258,62.499999419603235,221.01050146746786,67665.27260313419,48.22047260907961,59
2025-01-05,receive,3368.3822184810356,5794.526095502875,4805.839374682133,288.1586799549209,0.830860117457617,27.84500769260767,200.2433072784222,6915.808318918102,34.32742385967649,45
2025-01-05,ship,2830.3640189286684,5579.698472801135,2830.3640189286684,0.0,0.5285918462819839,11.415337487170175,117.93183412202785,0.0,18.8690933337305,30
2025-01-06,pack,7724.824135310314,4563.2092769079445,4563.2092769079445,4573.241368401082,0.9999999946257944,49.999999462579446,190.13371987116435,109757.79284162595,50.70232473561801,62
2025-01-06,pick,8210.182617521123,4830.238230284414,4830.238230284414,3345.4988233712897,0.9999999949286655,62.499999366083195,201.2599262618506,80291.97176091095,43.911256239755986,54
2025-01-06,receive,8689.811669213705,5720.996941597596,5720.996941597596,1283.9274810208071,0.9999999956642963,37.49999967482223,238.3748725665665,30814.25954449937,40.86426357666666,52
2025-01-06,ship,7467.74224323999,5613.19653964808,5612.096818839825,820.1352734946807,0.9998541222910412,24.99270611455206,233.83736745165936,19683.246563872337,37.413978542838976,49
2025-01-07,pack,6220.231349564031,4631.815343735282,4631.815343735282,7039.544222267905,0.9999999947405933,49.999999474059344,192.9923059889701,168949.06133442972,51.464614358562976,64
2025-01-07,pick,6481.337269513752,4914.695412417477,4914.695412417477,5901.454287920885,0.9999999950510144,62.49999938137682,204.77897551739488,141634.90291010123,44.67904879762208,56
2025-01-07,receive,6798.378108425184,5904.23901781331,5904.23901781331,3329.984962800379,0.9999999958636377,37.499999689772835,246.00995907555458,79919.63910720909,42.17313554028696,51
2025-01-07,ship,5708.683450841813,5725.522051997144,5725.522051997144,1681.2075705005366,0.9999999957287414,24.99999978643707,238.56341883321434,40348.98169201288,38.17014675884665,50
2025-01-08,pack,6316.552745611092,4604.295409177135,4604.295409177135,8644.897680444945,0.9999999946976029,49.9999994697603,191.8456420490473,207477.54433067868,51.15883731131442,62
2025-01-08,pick,6641.765910869656,4972.120427062403,4972.120427062403,7575.79968445481,0.9999999949012599,62.4999993626575,207.17168446093345,181819.19242691543,45.20109438055735,59
2025-01-08,receive,7050.161066670866,5846.062313679446,5846.062313679446,4269.070179551118,0.9999999957921047,37.49999968440786,243.58592973664358,102457.68430922682,41.757587656584704,52
2025-01-08,ship,6037.236106758367,5718.432215138724,5718.432215138724,1899.7822224178515,0.9999999957201785,24.999999786008924,238.2680089641135,45594.77333802843,38.12288118010562,48
2025-01-09,pack,6204.84595063553,4593.8267816430225,4593.8267816430225,10284.063971604324,0.999999994697205,49.99999946972051,191.40944923512595,246817.53531850377,51.04251922889449,63
2025-01-09,pick,6404.77866315592,4809.88885022736,4809.88885022736,9197.386629666056,0.999999994876909,62.49999935961364,200.41203542614002,220737.27911198538,43.72626187728271,56
2025-01-09,receive,6813.62059790488,5963.757527467654,5963.757527467654,5303.658742434706,0.9999999958897655,37.49999969173242,248.48989697781892,127287.80981843294,42.59826774906705,53
2025-01-09,ship,5776.456946155698,5633.926608923007,5633.926608923007,2082.4579282597283,0.9999999956045388,24.999999780226943,234.74694203845863,49978.99027823348,37.55951047575664,49
2025-01-10,pack,5933.596841436766,4601.720161552312,4601.720161552312,11867.182168774714,0.9999999946874055,49.999999468740555,191.73834006467965,284812.37205059314,51.13022344913431,66
2025-01-10,pick,6340.697186427907,4971.921023965823,4971.921023965823,10614.246603901915,0.999999995038744,62.49999937984301,207.16337599857596,254741.91849364594,45.199281625150384,57
2025-01-10,receive,6699.971575110395,6099.10352843726,6099.10352843726,5967.183690720117,0.9999999959601066,37.499999697008,254.12931368488583,143212.4085772828,43.56502489194454,55
2025-01-10,ship,5677.8986578077975,5573.4297178913,5573.4297178913,2194.454074251735,0.999999995589954,24.999999779497703,232.22623824547085,52666.89778204165,37.15619787156735,49
2025-01-11,pack,3053.0808643774712,4465.944935716156,4465.944935716156,11808.069639499527,0.9999999945339115,49.99999945339116,186.08103898817316,283393.67134798865,49.62160984549495,61
2025-01-11,pick,3236.8464692101775,5130.272358504616,5130.272358504616,10346.578606857003,0.9999999952566977,62.499999407087216,213.76134827102567,248317.88656456806,46.63883919877979,57
2025-01-11,receive,3425.187338284198,5826.351456632869,5826.351456632869,5216.82415016351,0.9999999957990472,37.49999968492854,242.76464402636952,125203.77960392425,41.61679582154338,51
2025-01-11,ship,2872.004722595176,5212.063395415816,5212.063395415816,1111.0673581521953,0.9999999952917071,24.999999764585358,217.16930814232566,26665.616595652686,34.74708907112484,47
2025-01-12,pack,3198.6165928353257,4589.701459171346,4589.701459171346,10332.736519343942,0.9999999947137336,49.99999947137337,191.23756079880607,247985.67646425462,50.99668231305182,66
2025-01-12,pick,3349.7045611733624,5147.762946128535,5147.762946128535,8491.816954655804,0.999999995256006,62.49999940700078,214.49012275535563,203803.6069117393,46.79784453936991,59
2025-01-12,receive,3549.551440631486,5786.946636047913,5786.946636047913,2786.738478424342,0.9999999957573419,37.499999681800645,241.12277650199636,66881.7234821842,41.335332819375566,53
2025-01-12,ship,2991.0624118998785,5384.228043105977,3055.613731092904,0.0,0.5827484829905468,12.39602793312684,127.31723879553766,0.0,20.370758071480974,35
2025-01-13,pack,6012.399684997144,4799.842480369602,4799.842480369602,10286.410866546257,0.9999999949499477,49.99999949499479,199.99343668206674,246873.8607971102,53.33158252264466,69
2025-01-13,pick,6471.908019785543,5279.610676518394,5279.610676518394,8194.208257051954,0.9999999952503117,62.499999406288964,219.98377818826643,196660.99816924692,47.9964602592903,59
2025-01-13,receive,6807.026285349105,6033.322289377813,6033.322289377813,2081.4161723940942,0.9999999959166757,37.499999693750674,251.38842872407554,49953.98813745826,43.09515890201896,53
2025-01-13,ship,5899.787848901866,5248.846909198139,4894.80041573068,432.4785600422102,0.940612894273784,22.363166463228477,203.95001732211165,10379.485441013045,32.63200255399118,49
2025-01-14,pack,6123.103530888472,4419.5257464477145,4419.5257464477145,11631.681969495034,0.9999999944777369,49.999999447773696,184.1469061019881,279160.3672678808,49.10584108157637,61
2025-01-14,pick,6541.194141801564,5030.641061251117,5030.641061251117,9419.806639224238,0.9999999951065517,62.49999938831897,209.61004421879656,226075.35934138173,45.73310014107288,56
2025-01-14,receive,6838.606957381725,5660.937037652881,5660.937037652881,2973.40989668843,0.9999999956286985,37.499999672152384,235.87237656887007,71361.83752052231,40.435264265840125,51
2025-01-14,ship,5803.639018577433,5729.974843081372,5729.974843081372,861.8847820416066,0.9999999957277885,24.999999786389434,238.74895179505714,20685.23476899856,38.1998320325436,49
2025-01-15,pack,6215.714402334169,4401.440098425877,4401.440098425877,13567.225161032831,0.9999999944365038,49.99999944365038,183.39333743441156,325613.40386478795,48.904889439122094,58
2025-01-15,pick,6588.968697715403,4951.612209267113,4951.612209267113,11164.468620251972,0.9999999949758815,62.49999937198519,206.31717538612972,267947.2468860473,45.0146560386587,58
2025-01-15,receive,6895.163506923035,5864.828700288036,5864.828700288036,4194.159221681809,0.9999999957017458,37.499999677630946,244.3678625120015,100659.82132036342,41.891633274260016,54
2025-01-15,ship,5978.109888786067,5528.289832591891,5528.289832591891,1202.263697334893,0.9999999955651497,24.999999778257493,230.3454096913288,28854.328736037434,36.855265304910844,47
2025-01-16,pack,6053.679656182125,4671.261937847231,4671.261937847231,15150.857255527431,0.9999999947460085,49.99999947460086,194.63591407696796,363620.57413265837,51.90290984382579,65
2025-01-16,pick,6380.981716839982,5134.540841901815,5134.540841901815,12586.296257595859,0.9999999952094739,62.49999940118425,213.93920174590895,302071.1101823006,46.67764359294702,60
2025-01-16,receive,6791.732855052542,6045.707527545507,6045.707527545507,4961.994696113962,0.9999999959155303,37.499999693664776,251.90448031439612,119087.87270673508,43.18362488829916,57
2025-01-16,ship,5833.409420448915,5288.039663588218,5288.039663588218,1557.458842875538,0.9999999953078967,24.999999765394836,220.33498598284243,37379.012229012915,35.2535975222308,46
2025-01-17,pack,6252.107092023251,4459.727701857058,4459.727701857058,16664.792561570222,0.9999999944840082,49.99999944840082,185.8219875773774,399955.0214776853,49.55252947005032,62
2025-01-17,pick,6565.921650100232,5036.737060687963,5036.737060687963,14022.792519090626,0.9999999951244917,62.49999939056147,209.8640441953318,336547.02045817504,45.78851831726769,59
2025-01-17,receive,6922.16798829571,6153.715497819911,6153.715497819911,5838.3359142441805,0.9999999960214309,37.499999701607315,256.40481240916296,140120.06194186033,43.95511038474858,55
2025-01-17,ship,5983.844497186642,5902.537529709736,5902.537529709736,1884.5508188294025,0.9999999958596087,24.999999792980436,245.93906373790568,45229.21965190566,39.35024993572991,50
2025-01-18,pack,3034.933200919407,4445.556147616422,4445.556147616422,16897.11173885246,0.9999999944805804,49.99999944805805,185.23150615068425,405530.6817324591,49.39506775801505,61
2025-01-18,pick,3167.880785398448,4875.743384851083,4875.743384851083,13906.851897501037,0.999999994896834,62.49999936210426,203.1559743687951,333764.4455400249,44.324939459328576,58
2025-01-18,receive,3313.5230140853887,5718.786062479997,5718.786062479997,4903.4645899225925,0.9999999956396918,37.49999967297689,238.2827526033332,117683.15015814222,40.84847158308233,52
2025-01-18,ship,2815.654251940254,5718.1182561777605,4970.802641139283,692.2381413970348,0.8766469836790073,21.87499982756354,207.1167767141368,16613.715393528837,33.13868405333733,44
2025-01-19,pack,3096.6250144427,4428.511643350959,4428.511643350959,15451.026861746783,0.9999999944330508,49.999999443305086,184.52131847295664,370824.6446819228,49.20568437939194,63
2025-01-19,pick,3287.0107693048617,5104.52113934442,5104.52113934442,12183.695537846972,0.9999999951801145,62.49999939751432,212.68838080601748,292408.6929083273,46.40473720854257,60
2025-01-19,receive,3427.5676439206973,5922.066220152558,5922.066220152558,2552.6219749356583,0.9999999957834053,37.4999996837554,246.75275917302326,61262.927398455795,42.30047269894347,51
2025-01-19,ship,2937.6343681175986,5596.512194755059,2937.6343681175986,0.2540002625287296,0.537349259926417,11.934608003931858,122.40143200489995,6.09600630068951,19.584228990222464,32
2025-01-20,pack,6233.638005637709,4454.637907340947,4454.637907340947,15752.115972438036,0.9999999944952956,49.99999944952956,185.6099128058728,378050.7833385129,49.49597619827746,62
2025-01-20,pick,6435.348647912555,5060.448589673355,5060.448589673355,11934.094838401295,0.9999999952011264,62.49999940014081,210.8520245697231,286418.2761216311,46.00407766972071,56
2025-01-20,receive,6802.860190327831,6080.93405955712,6080.93405955712,1732.0845032983977,0.9999999959462887,37.49999969597166,253.37225248154667,41570.028079161544,43.43524297229913,54
2025-01-20,ship,5850.419749491283,5606.506052746563,5062.335270425064,404.96046431168855,0.9095291071002402,20.719564918600863,210.93063626771098,9719.051143480525,33.74890157784108,48
2025-01-21,pack,6016.23248139275,4586.389095967304,4586.389095967304,17354.8547991686,0.999999994572101,49.9999994572101,191.0995456653043,416516.5151800464,50.959878277860284,63
2025-01-21,pick,6290.38786712741,5073.499301774102,5073.499301774102,13192.20653490435,0.9999999951722803,62.49999939653505,211.39580424058758,316612.9568377044,46.12272050592165,59
2025-01-21,receive,6533.99215466054,5919.334483666631,5919.334483666631,2341.6117283740255,0.9999999959107516,37.49999969330637,246.63893681944296,56198.681480976615,42.28096029561193,50
2025-01-21,ship,5531.187917541975,5457.560300292332,5457.560300292332,710.8881829919866,0.9999999954708315,24.999999773541578,227.39834584551383,17061.31639180768,36.38373509272398,47
2025-01-22,pack,6164.177621309228,4765.359011984789,4765.359011984789,18680.071200081788,0.9999999948662986,49.99999948662987,198.5566254993662,448321.7088019629,52.948432878181734,64
2025-01-22,pick,6448.598350424216,5121.181556731045,5121.181556731045,14406.482328277614,0.9999999952441213,62.49999940551516,213.38256486379353,345755.57587866276,46.556195547044084,55
2025-01-22,receive,6824.958739835471,5977.754007177653,5977.754007177653,3012.513166431778,0.9999999958982397,37.499999692367986,249.07308363240222,72300.31599436267,42.69824260342436,54
2025-01-22,ship,5930.580378488772,5305.474189876259,5305.474189876259,955.2101560235155,0.9999999953517777,24.999999767588893,221.06142457817745,22925.043744564373,35.36982769670954,47
2025-01-23,pack,6281.719827917851,4723.07217332656,4723.07217332656,20183.65335101032,0.9999999948517159,49.9999994851716,196.79467388860667,484407.68042424775,52.47857912053313,67
2025-01-23,pick,6511.943348202901,5087.183091498181,5087.183091498181,15834.419472093201,0.9999999950947397,62.49999938684246,211.96596214575754,380026.06733023684,46.24711859319148,59
2025-01-23,receive,6909.104643150806,6206.774817455137,6206.774817455137,3662.8006715702245,0.9999999960480596,37.49999970360447,258.61561739396404,87907.21611768538,44.334105522293086,54
2025-01-23,ship,5825.790227338912,5402.978908438419,5402.978908438419,1450.2096369530843,0.9999999954108701,24.999999770543514,225.12412118493413,34805.03128687402,36.01985914945707,48
2025-01-24,pack,6271.386880082235,4325.369366905199,4325.369366905199,21905.822931973278,0.9999999942017337,49.999999420173374,180.22372362104997,525739.7503673587,48.059659098283774,59
2025-01-24,pick,6549.693549681788,4918.578599863206,4918.578599863206,17339.815860271363,0.9999999950378561,62.49999937973203,204.94077499430026,416155.5806465127,44.71435050135324,53
2025-01-24,receive,6884.849301803022,5681.067834233246,5681.067834233246,4745.831624349571,0.9999999956516995,37.49999967387746,236.71115975971858,113899.95898438971,40.5790556689585,52
2025-01-24,ship,5863.2907702037755,5245.376596649836,5245.376596649836,2075.5296044984993,0.9999999952887481,24.999999764437405,218.55735819374317,49812.71050796399,34.96917707787106,48
2025-01-25,pack,3139.5016203640025,4794.3351625004525,4794.3351625004525,22182.174900742786,0.999999994910763,49.999999491076295,199.76396510418553,532372.1976178269,53.27039010255625,66
2025-01-25,pick,3391.7468600252496,5232.507228396668,5232.507228396668,17255.9256662857,0.9999999953574822,62.49999941968528,218.02113451652784,414142.2159908568,47.568247098440196,57
2025-01-25,receive,3530.419336688973,5846.199296758386,5846.199296758386,4258.6951275360525,0.9999999958311371,37.4999996873353,243.59163736493272,102208.68306086525,41.75856610714157,51
2025-01-25,ship,2977.1822747956257,5573.395533576963,5504.726052178435,1113.8215788786483,0.9864786577984171,24.374999787562988,229.36358550743478,26731.71789308756,36.69817343653508,46
2025-01-26,pack,3016.707426156223,4702.829214496812,4702.829214496812,20458.097781770706,0.9999999947946366,49.99999947946366,195.95121727070048,490994.3467624969,52.25365735825727,67
2025-01-26,pick,3151.868057337786,5136.385935423396,5136.385935423396,15295.115893240758,0.9999999952261285,62.49999940326607,214.01608064264153,367082.7814377782,46.69441717026345,57
2025-01-26,receive,3364.2889979112356,5845.582644512024,5845.582644512024,1777.5132077741193,0.9999999957453124,37.49999968089843,243.56594352133433,42660.31698657886,41.754161448270445,52
2025-01-26,ship,2842.7515027335144,5449.588539219389,2842.7515027335144,0.0,0.537823200045814,11.804931199140805,118.4479792805631,0.0,18.951676558545586,32
2025-01-27,pack,5953.369300618913,4548.2743179259405,4548.2743179259405,20239.3192110457,0.9999999946193651,49.99999946193651,189.51142991358086,485743.6610650968,50.53638074877289,62
2025-01-27,pick,6386.245206377228,5047.832593115246,5047.832593115246,14949.830070204915,0.9999999950112466,62.49999937640584,210.32635804646858,358795.92168491794,45.889386792962355,59
2025-01-27,receive,6694.925030364544,6035.378303708174,6035.378303708174,918.5610090688675,0.9999999959221726,37.499999694162945,251.47409598784057,22045.464217652818,43.1098447185595,55
2025-01-27,ship,5771.383522768139,5696.824018993189,4959.24994044688,393.08346904399804,0.8792901633917111,19.424130467542536,206.63541418528666,9434.003257055952,33.06166604923476,47
2025-01-28,pack,6028.230136598576,4544.036953292124,4544.036953292124,21723.4222987122,0.9999999946112855,49.999999461128546,189.3348730538385,521362.13516909286,50.48929892003139,63
2025-01-28,pick,6518.497442612379,5066.263634588412,5066.263634588412,16448.61860920941,0.9999999951523068,62.49999939403835,211.0943181078505,394766.8466210258,46.05694171392246,57
2025-01-28,receive,6814.846441032828,5887.433344719447,5887.433344719447,1560.4715367231577,0.9999999958458824,37.49999968844118,245.3097226966436,37451.316881355786,42.05309501904537,52
2025-01-28,ship,5702.456502379529,5512.138194552923,5512.138194552923,734.3141730798515,0.9999999952988147,24.999999764940736,229.67242477303844,17623.540153916434,36.747587718702235,49
2025-01-29,pack,6153.631616778622,4582.235982507247,4582.235982507247,23257.14917561245,0.999999994640076,49.99999946400762,190.9264992711353,558171.5802146988,50.91373257326128,63
2025-01-29,pick,6510.872050748246,5215.739165869285,5215.739165869285,17787.54126771635,0.9999999952523453,62.49999940654317,217.32246524455354,426900.99042519246,47.41581016775886,62
2025-01-29,receive,6785.845206782061,5805.217266185086,5805.217266185086,2590.8150625641874,0.99999999575998,37.499999681998496,241.88405275771194,62179.5615015405,41.46583731942321,51
2025-01-29,ship,5778.3822288321935,5466.0916432388885,5466.0916432388885,977.9814176630861,0.999999995493576,24.999999774678802,227.75381846828702,23471.554023914065,36.44061071198852,48
2025-01-30,pack,5862.781290672181,4634.038497262711,4634.038497262711,24696.521948249774,0.9999999946478986,49.99999946478986,193.0849373859463,592716.5267579946,51.48931606414883,63
2025-01-30,pick,6287.0750844719005,4880.070217430905,4880.070217430905,19117.853975284645,0.9999999949821602,62.49999937277003,203.33625905962106,458828.49540683144,44.364274300605736,54
2025-01-30,receive,6665.276168614593,5976.699666358683,5976.699666358683,3517.821579577052,0.9999999958899307,37.499999691744804,249.02915276494514,84427.71790984925,42.69071159762837,53
2025-01-30,ship,5651.926922103215,5504.34682996074,5504.34682996074,1224.1106854429925,0.9999999955493474,24.99999977746737,229.3477845816975,29378.656450631817,36.695645288433965,49
2025-01-31,pack,6488.87352535849,4513.353217616987,4513.353217616987,26266.474562955005,0.9999999944940962,49.99999944940962,188.05638406737447,630395.3895109202,50.1483685274291,63
2025-01-31,pick,6819.420887948493,5247.948969149833,5247.948969149833,20539.658427361388,0.9999999953344533,62.49999941680665,218.66454038124303,492951.80225667334,47.708626558556425,58
2025-01-31,receive,7125.250635959879,5892.205842531194,5892.205842531194,4522.277603298338,0.9999999958294975,37.499999687212316,245.5085767721331,108534.66247916012,42.087184288885794,53
2025-01-31,ship,6023.507020260506,5335.756528157869,5335.756528157869,1613.962779410095,0.9999999953694695,24.999999768473483,222.32318867324454,38735.10670584228,35.571709950574395,47
2025-02-01,pack,3046.496698494808,4692.429363292333,4692.429363292333,26480.65256657042,0.9999999947534289,49.9999994753429,195.51789013718053,635535.6615976901,52.13810345726921,66
2025-02-01,pick,3269.825408262056,5128.79090219989,5128.79090219989,20461.461099531363,0.9999999952425727,62.499999405321596,213.69962092499543,491075.0663887527,46.62537141431381,57
2025-02-01,receive,3422.066857799521,6019.406681083282,6019.406681083282,3774.306835914893,0.9999999958997604,37.499999692482035,250.80861171180342,90583.36406195743,42.995761700625145,55
2025-02-01,ship,2887.045051271541,5338.757437319337,5037.1181112578215,759.496467603345,0.9367367527750309,23.124999802650933,209.87992130240923,18227.91522248028,33.58078718451356,45
2025-02-02,pack,3146.960942940236,4794.785907871127,4794.785907871127,24822.264091505513,0.9999999949195598,49.99999949195598,199.78274616129696,595734.3381961323,53.27539838439699,69
2025-02-02,pick,3284.9221351549527,4797.147757852403,4797.147757852403,18883.32598031784,0.999999994837856,62.499999354732005,199.88115657718345,453199.8235276282,43.610433765836085,54
2025-02-02,receive,3499.4925830262187,6122.732325722224,6122.732325722224,1136.5512201588842,0.9999999959583822,37.49999969687866,255.1138469050927,27277.22928381322,43.733802014203015,58
2025-02-02,ship,2953.889780018037,5590.05017656722,2953.889780018037,0.0,0.5432882238318767,11.787443033954714,123.07874083408488,0.0,19.69259840216959,33
2025-02-03,pack,7802.092532490496,4420.670748678466,4420.670748678466,25602.793197889056,0.9999999944423151,49.99999944423152,184.19461452826943,614467.0367493373,49.118563328443365,63
2025-02-03,pick,8271.315375658201,5169.3453162781,5169.3453162781,19496.387532817276,0.9999999952800315,62.49999941000394,215.38938817825417,467913.30078761466,46.99404790258229,59
2025-02-03,receive,8637.781396751172,6201.17364136127,6201.17364136127,1004.8345012384867,0.9999999960511742,37.49999970383807,258.3822350567196,24116.028029723682,44.29409712190838,56
2025-02-03,ship,7189.810247877573,5747.550153788001,5565.662810687389,683.4145838573636,0.9724777307890148,23.623886539450748,231.90261711197454,16401.950012576726,37.10441849055314,49
2025-02-04,pack,6181.891969697562,4618.025935574585,4618.025935574585,28084.049688841074,0.9999999947193188,49.999999471931886,192.4177473156077,674017.1925321858,51.3113987140354,65
2025-02-04,pick,6458.742152400039,4739.803505927017,4739.803505927017,21949.165745630806,0.9999999947442672,62.49999934303339,197.49181274695903,526779.9778951394,43.08912238943541,53
2025-02-04,receive,6915.631535891519,5762.775777687078,5762.775777687078,2816.543997616425,0.9999999957077935,37.49999967808452,240.11565740362823,67597.05594279419,41.1626838323171,51
2025-02-04,ship,5884.510041709189,5815.205066180038,5815.205066180038,1463.6487561524336,0.9999999958046685,24.99999979023343,242.3002110908349,35127.570147658414,38.76803351608003,48
2025-02-05,pack,6463.973032844441,4264.300715377208,4264.300715377208,29909.532488146928,0.999999994231278,49.99999942312781,177.67919647405031,717828.7797155263,47.381118533289886,59
2025-02-05,pick,6848.432218716621,5057.098744211446,5057.098744211446,23685.268802947987,0.999999995169578,62.49999939619726,210.7124476754769,568446.4512707517,45.97362452943474,59
2025-02-05,receive,7229.7046285031465,5980.150226905567,5980.150226905567,4002.327828606094,0.9999999958582988,37.49999968937241,249.1729261210653,96055.86788654626,42.7153584585015,52
2025-02-05,ship,6133.772681236333,5598.7211585323985,5598.7211585323985,1709.8031056325074,0.9999999956019182,24.999999780095916,233.28004827218328,41035.27453518018,37.324807474717275,49
2025-02-06,pack,6236.831494059865,4440.959904693622,4440.959904693622,31979.754091634295,0.999999994505247,49.99999945052471,185.0399960289009,767514.098199223,49.34399839277359,64
2025-02-06,pick,6651.223226293357,5132.253583420732,5132.253583420732,25298.550764647836,0.9999999951769949,62.49999939712438,213.84389930919716,607165.2183515481,46.65685033421711,61
2025-02-06,receive,7051.625135716995,6037.499641992772,6037.499641992772,5261.956135150843,0.9999999959213101,37.49999969409826,251.56248508303216,126286.94724362022,43.12499713476982,54
2025-02-06,ship,5954.114782115723,5487.848019740886,5487.848019740886,2185.7118564306707,0.99999999552167,24.99999977608351,228.66033415587026,52457.08455433609,36.58565322103489,49
2025-02-07,pack,6150.010589914599,4839.876690521086,4839.876690521086,33461.218722835314,0.9999999949541921,49.99999949541921,201.66152877171191,803069.2493480475,53.77640707494088,66
2025-02-07,pick,6390.720264775118,4913.788020759893,4913.788020759893,26867.832516113864,0.9999999949739279,62.49999937174099,204.7411675316622,644827.9803867327,44.670799782628116,56
2025-02-07,receive,6735.248209904327,5650.793465800994,5650.793465800994,6329.578324238112,0.9999999956262641,37.49999967196981,235.4497277417081,151909.8797817147,40.36281018170132,52
2025-02-07,ship,5736.154736318348,5543.687619408384,5543.687619408384,2573.112765769892,0.9999999955911099,24.999999779555495,230.986984142016,61754.70637847742,36.95791721633645,48
2025-02-08,pack,3247.614588920066,4806.621197367225,4806.621197367225,33452.164434909,0.9999999949215453,49.99999949215454,200.2758832236344,802851.9464378159,53.406901599559156,65
2025-02-08,pick,3356.853012776444,5199.375243553097,5199.375243553097,26806.648298033266,0.9999999953042803,62.49999941303505,216.6406351480457,643359.5591527984,47.26704723896408,57
2025-02-08,receive,3547.8411251077887,5659.147207147111,5659.147207147111,5866.994884968249,0.9999999955803681,37.49999966852761,235.79780029779627,140807.87723923798,40.422479762318794,51
2025-02-08,ship,2980.9015291394694,5378.9213235214165,5378.9213235214165,1513.6685198894809,0.9999999953647848,24.999999768239245,224.12172181339236,36328.04447734754,35.85947525107961,49
2025-02-09,pack,3044.006310091379,4618.251049844808,4618.251049844808,31927.705351061173,0.9999999946715598,49.99999946715599,192.427127076867,766264.9284254682,51.313899983676755,62
2025-02-09,pick,3181.5944232687316,5079.04203642986,5079.04203642986,24875.762146908975,0.9999999951001152,62.49999938751441,211.62675151791083,597018.2915258154,46.173109002334094,58
2025-02-09,receive,3336.2519608733173,5925.974790222384,5925.974790222384,3419.088927181936,0.999999995849064,37.49999968867981,246.91561625926602,82058.13425236646,42.32839105638567,53
2025-02-09,ship,2840.705151021542,5612.805968740414,3329.923171347664,22.29605097097083,0.6054160586174635,13.299133304744705,138.74679880615267,535.1052233032999,22.19948766098784,35
2025-02-10,pack,6301.747161273805,4572.037456249892,4572.037456249892,31938.355799585464,0.9999999946131156,49.999999461311575,190.50156067707883,766520.5391900511,50.8004156161053,61
2025-02-10,pick,6711.663231077603,5086.0361827736915,5086.0361827736915,24576.32866573553,0.9999999951924292,62.49999939905366,211.91817428223715,589831.8879776527,46.23669215033636,58
2025-02-10,receive,7121.810809142873,6040.7017003140445,6040.7017003140445,2532.9857134304184,0.9999999959041346,37.4999996928101,251.69590417975186,60791.65712233004,43.14786897975839,55
2025-02-10,ship,6005.186330475719,5773.746468386726,5171.148065304853,391.2505818726093,0.8997844053732978,20.2212481018106,215.46450272103553,9390.013964942624,34.474320205536884,48
2025-02-11,pack,6297.83123986797,4664.257924714707,4664.257924714707,33656.052858169314,0.9999999947722017,49.99999947722017,194.34408019644613,807745.2685960635,51.82508747655133,64
2025-02-11,pick,6453.915364586439,5076.040150752887,5076.040150752887,26150.395200608415,0.9999999951921762,62.49999939902204,211.50167294803694,627609.484814602,46.14581913279153,57
2025-02-11,receive,6875.8384314553805,5825.245185198674,5825.245185198674,3674.6942239204777,0.999999995811402,37.49999968585515,242.7185493832781,88192.66137409146,41.608893882784145,52
2025-02-11,ship,5834.658694120998,5534.343563309035,5534.343563309035,726.7282684954924,0.9999999955790044,24.999999778950226,230.5976484712098,17441.478443891818,36.89562350942274,48
2025-02-12,pack,6252.035068077196,4589.5501240845,4589.5501240845,35335.680919592465,0.9999999946890464,49.999999468904655,191.2312551701875,848056.3420702192,50.995000812105545,64
2025-02-12,pick,6532.335434749612,5196.703174153963,5196.703174153963,27651.240652490218,0.9999999951933657,62.49999939917072,216.5292989230818,663629.7756597652,47.2427556991928,59
2025-02-12,receive,6911.365300494648,6079.671112883984,6079.671112883984,4803.164951480226,0.9999999959354162,37.49999969515622,253.31962970349934,115275.95883552542,43.426221924698304,55
2025-02-12,ship,5919.6641840688335,5829.155988718169,5829.155988718169,953.6091076519139,0.9999999958395175,24.999999791975878,242.88149952992373,22886.618583645934,38.8610396657142,48
2025-02-13,pack,6200.541446398926,4694.829157835089,4694.829157835089,36785.436183741775,0.9999999947244468,49.99999947244469,195.61788157646205,882850.4684098025,52.16476784078135,64
2025-02-13,pick,6512.413510630824,4844.551687951348,4844.551687951348,29002.078705030086,0.9999999949208555,62.49999936510693,201.85632033130616,696049.8889207221,44.04137858099972,56
2025-02-13,receive,6906.0384867766,5859.268012332826,5859.268012332826,5505.163276229708,0.9999999958064802,37.499999685486024,244.13616718053444,132123.91862951298,41.85191407486366,52
2025-02-13,ship,5773.503479656059,5385.3796247782175,5385.3796247782175,1048.799027805918,0.9999999954401644,24.999999772008223,224.3908176990924,25171.17666734203,35.902530592504576,48
2025-02-14,pack,6112.1950323291985,4335.927294653569,4335.927294653569,38440.93274420557,0.9999999943840355,49.99999943840356,180.66363727723206,922582.3858609337,48.17696940529556,59
2025-02-14,pick,6587.387490495203,5423.409138997284,5423.409138997284,30415.063337996922,0.9999999954809221,62.499999435115285,225.97538079155348,729961.5201119261,49.30371899721423,64
2025-02-14,receive,6882.258003374276,6485.642685284441,6485.642685284441,6314.7002841656895,0.9999999962504238,37.499999718781794,270.2351118868517,151552.80681997654,46.32601884970301,56
2025-02-14,ship,5719.98934400258,5719.405127729864,5719.405127729864,1429.4721803562136,0.9999999957462872,24.999999787314366,238.30854698874433,34307.33232854913,38.129367264003314,48
2025-02-15,pack,3161.8628204081037,4497.16516804783,4497.16516804783,38780.505325436396,0.9999999945114316,49.99999945114316,187.38188200199292,930732.1278104734,49.96850131199253,62
2025-02-15,pick,3376.1334211467906,4941.502849719748,4941.502849719748,30322.753350715746,0.999999995041393,62.49999938017413,205.89595207165618,727746.0804171779,44.92275277088178,54
2025-02-15,receive,3541.3752524378533,5643.784505500704,5643.784505500704,5482.480263408471,0.9999999957040241,37.49999967780182,235.157687729196,131579.5263218033,40.31274617991399,49
2025-02-15,ship,2998.34106881353,5673.485569561559,4611.910731297582,359.77772317713084,0.8212439726851013,19.314394370438595,192.16294713739924,8634.66535625114,30.746071337010072,44
2025-02-16,pack,3087.3501826149873,4290.858927889119,4290.858927889119,37484.38473397559,0.9999999942788568,49.999999427885676,178.7857886620466,899625.2336154141,47.67620978014343,57
2025-02-16,pick,3231.8265066950153,4976.722055527946,4976.722055527946,28673.867229618943,0.999999995035305,62.49999937941312,207.3634189803311,688172.8135108546,45.24292736622745,57
2025-02-16,receive,3383.213389536918,6056.172494757499,6056.172494757499,3107.3492009504666,0.9999999959353016,37.49999969514763,252.3405206148958,74576.3808228112,43.25837465356518,54
2025-02-16,ship,2926.3528341628303,5017.967032679926,2926.3528341628303,1.5679602396868415,0.598481248455543,12.201945830379707,121.93136809011793,37.63104575248417,19.509018764358746,30
2025-02-17,pack,6089.564335488957,4385.928400230659,4385.928400230659,37779.955913494705,0.999999994356818,49.999999435681794,182.74701667627744,906718.9419238729,48.73253723886802,62
2025-02-17,pick,6343.727614194448,5046.8388607829775,5046.8388607829775,28386.473803183606,0.9999999951021711,62.49999938777139,210.28495253262406,681275.3712764066,45.88035286275113,58
2025-02-17,receive,6785.614854875867,5783.201262078119,5783.201262078119,2211.770455841593,0.9999999957651666,37.4999996823875,240.96671925325495,53082.49094019823,41.30858014835385,50
2025-02-17,ship,5824.069771328917,5794.87560160685,5251.325754382237,316.3022989861004,0.9075237358510085,20.89051258289533,218.80523976592656,7591.255175666411,35.008838129156,47
2025-02-18,pack,6204.5464038335795,4689.888454570181,4689.888454570181,39196.58042457249,0.9999999947192335,49.99999947192336,195.41201894042422,940717.9301897397,52.10987113844789,63
2025-02-18,pick,6423.210764476562,4891.332454127745,4891.332454127745,29844.142332858104,0.9999999949393049,62.499999367413125,203.80551892198937,716259.4159885945,44.466658269646246,55
2025-02-18,receive,6798.203412286735,5397.862595298735,5397.862595298735,3374.3543716271047,0.9999999954553367,37.499999659150255,224.9109414707806,80984.50491905051,38.55616111958982,49
2025-02-18,ship,5816.708527070127,5826.655230107027,5826.655230107027,384.7676626561538,0.9999999957843788,24.999999789218943,242.77730125445945,9234.423903747691,38.84436794175106,50
2025-02-19,pack,6284.300152661306,4654.36529418017,4654.36529418017,40909.421013331674,0.9999999946854716,49.999999468547166,193.9318872575071,981826.1043199602,51.715169360722236,65
2025-02-19,pick,6627.878084513072,4882.8085615183645,4882.8085615183645,31455.367731956067,0.9999999949144699,62.499999364308756,203.45035672993185,754928.8255669456,44.38916833753815,53
2025-02-19,receive,6889.625348927997,6129.319676838338,6129.319676838338,4413.701004351374,0.9999999960300622,37.49999970225466,255.38831986826406,105928.82410443298,43.78085452183917,53
2025-02-19,ship,5777.2664818316625,5638.059912150817,5547.078093617481,454.9682577818082,0.9833484133786777,24.167420668933886,231.12825390072837,10919.238186763398,36.98052037757974,49
2025-02-20,pack,6028.908149627951,4658.551266443291,4658.551266443291,42448.41687411414,0.9999999946746203,49.99999946746203,194.10630276847044,1018762.0049787394,51.76168016312901,63
2025-02-20,pick,6521.20348570075,4677.137053914272,4677.137053914272,33262.8964332571,0.9999999947278319,62.49999934097898,194.8807105797613,798309.5143981703,42.51942737631677,51
2025-02-20,receive,6763.5774699955,6002.146429248305,6002.146429248305,5285.948093017531,0.9999999958885337,37.499999691640035,250.0894345520127,126862.75423242076,42.87247418839879,54
2025-02-20,ship,5720.90784632757,5416.658287123529,5416.658287123529,837.1775894000826,0.9999999954401372,24.99999977200686,225.69409529681369,20092.262145601984,36.11105500674982,47
2025-02-21,pack,6301.131733588347,4439.625746043682,4439.625746043682,43981.95920316905,0.999999994486695,49.999999448669506,184.9844060851534,1055567.0208760572,49.329174407938964,61
2025-02-21,pick,6559.180733139766,4668.45545464602,4668.45545464602,34988.560683796895,0.9999999946074385,62.49999932592982,194.51897727691752,839725.4564111255,42.44050374732288,52
2025-02-21,receive,6945.770357674406,5814.258994466193,5814.258994466193,6225.058531087558,0.9999999957841288,37.499999683809655,242.26079143609138,149401.40474610138,41.53042109239837,50
2025-02-21,ship,5902.514400928656,5716.272212191444,5716.272212191444,1067.1052857784814,0.9999999956318302,24.999999781591512,238.17800884131017,25610.526858683555,38.10848116055308,50
2025-02-22,pack,3166.061575102859,4440.611845483326,4440.611845483326,44378.93058714088,0.9999999943990071,49.999999439900726,185.02549356180523,1065094.3340913812,49.34013106825772,62
2025-02-22,pick,3282.625957587192,5170.628163845463,5170.628163845463,35091.82743982909,0.9999999952529213,62.49999940661517,215.44284016022763,842203.8585558982,47.005710153088664,61
2025-02-22,receive,3456.3822516245064,6118.128081113779,6118.128081113779,5418.810090877551,0.9999999959765421,37.499999698240664,254.9220033797408,130051.44218106125,43.70091455294904,54
2025-02-22,ship,2910.2631687021794,5338.304793176741,4193.740618767396,258.8028047541724,0.7989202941914852,17.986224677374377,174.7391924486415,6211.267314100138,27.95827060539417,43
2025-02-23,pack,3043.553756028905,4272.073509970146,4272.073509970146,43086.88144363997,0.9999999942801533,49.99999942801534,178.00306291542276,1034085.1546473593,47.467482916696255,60
2025-02-23,pick,3226.0969277396052,5023.781101793531,5023.781101793531,33352.611864432016,0.9999999950487006,62.49999938108758,209.32421257473047,800462.6847463684,45.67073687384359,59
2025-02-23,receive,3382.0362002863567,6309.139572906143,6309.139572906143,2646.249205559005,0.9999999960807431,37.49999970605574,262.88081553775595,63509.98093341612,45.06528234172043,55
2025-02-23,ship,2824.9140155951814,5711.280059004093,2824.9140155951814,0.0,0.50572218328195,10.60574927782402,117.70475064979922,0.0,18.832759978416142,31
2025-02-24,pack,6097.140224693256,4520.233731152361,4520.233731152361,43260.60649312757,0.9999999945943151,49.999999459431514,188.34307213134835,1038254.5558350617,50.22481867697269,61
2025-02-24,pick,6311.797708332813,5211.68294873001,5211.68294873001,32966.773342799854,0.9999999953492082,62.499999418651036,217.15345619708376,791202.5602271964,47.37893546682795,58
2025-02-24,receive,6770.0504846167505,5777.715714147518,5777.715714147518,1822.381250795377,0.9999999956913544,37.49999967685159,240.7381547561466,43737.150019089044,41.26939766341515,54
2025-02-24,ship,5729.691661065024,5142.512175084107,4913.6821927343935,378.7770025080738,0.9606537125319914,23.215466011595968,204.73675803059973,9090.648060193771,32.75788106651008,48
2025-02-25,pack,6137.239579257723,4530.744437665316,4530.744437665316,44733.07193536085,0.9999999945747344,49.99999945747345,188.78101823605482,1073593.7264486605,50.341604303596796,66
2025-02-25,pick,6373.359038352185,4923.318693245606,4923.318693245606,34145.44236996035,0.9999999950254467,62.49999937818084,205.13827888523358,819490.6168790484,44.7574422589833,55
2025-02-25,receive,6723.943890329718,6007.733907129658,6007.733907129658,2482.098397572339,0.9999999958539464,37.499999689045985,250.32224613040242,59570.361541736136,42.912384744409096,54
2025-02-25,ship,5705.164616487168,5329.292105850304,5329.292105850304,883.5681721673737,0.9999999953122664,24.999999765613325,222.05383774376267,21205.63613201697,35.528613802144605,46
